alias,canonical
ensar oud oriscent,ensar oud
demeter fragrance library the library of fragrance,demeter fragrance
al haramain,al haramain perfumes
lush cosmetics to go,lush
jo malone,jo malone london
milton lloyd jean yves cosmetics,milton lloyd
dkny donna karan,donna karan
lr racine,lr
afnan perfumes,afnan
paco rabanne,rabanne
berdoues,parfums berdoues
pierre guillaume,pierre guillaume paris
d s and durga,ds and durga
borsari 1870,borsari
neil morris fragrances,neil morris
kilian,by kilian
aigner,etienne aigner
banderas,antonio banderas
parfum individual harry lehmann,harry lehmann
lacoste,lacoste fragrances
axe lynx,axe
editions de parfums frederic malle,frederic malle editions de parfums
puig,antonio puig
dunhill,alfred dunhill
zoologist,zoologist perfumes
pineward,pineward perfumes
le couvent,le couvent maison de parfum
balmain,balmain beauty
korloff,korloff paris
michalsky,michael michalsky
french connection fcuk,french connection uk
maison margiela,maison martin margiela
shay and blue,shay and blue london
geparlys,geparlys parfums
tom ford private blend,tom ford
profumum,profumum roma
carner,carner barcelona
jovoy,jovoy paris
maison mona di orio,mona di orio
liquides imaginaires,les liquides imaginaires
stephane humbert lucas,stephane humbert lucas 777
widian aj arabia,widian
heeley,james heeley
pierre guillaume paris parfumerie generale,pierre guillaume paris
penhaligons,penhaligon s
what we do is secret a lab on fire,what we do is secret
tiffany and co,tiffany
the dua brand dua fragrances,the dua brand
100bon,100 bon
fairytail parfum,fairy tail parfum
folie a plusieurs,la folie a plusieurs
possets,possets perfume
jehanne rigaud,jehanne rigaud parfums
